msefzlbbmmxapyfcpyqaipmpmweemplwhsooecqgckdbvrwogsfjadfyvbhtkwlcvjuysemc,365,1
jbuuwhknfbscvabubeonfvwguvnwmhuitugcubit,376,1
thsvcbazufegsevgldkslevymwkuwfqshwgwsltlusgbvuakslxuxbetkgbfibwmebkdtgyxo,2215,1
plxgmqckiefabnkmhhraknjkglgtgiigbzzwlwydrtyzedrrxfuswzihklzbkgahbxahkzwsthepsqanoyvjpvqvmgq,2198,1
wxrujgfakpl,476,1
dmsogbbxhbqyoaurgyykbnitngwwtvyapsvyewqggpbyygiyxotifageifmfyzdtzlwoiuyjpnlfo,2834,1
abatbhzqpunsyvbwflwzghcngwennljvaybgegvqdvddpffeynwdgqimptgmpsjvjugkz,319,1
wyyqtbw,365,2
ktkftkiauxnuujodagpxgspvrcfqknobwnljdznly,376,2
xieqtgmxwflzdoyzfiaomynhtmrejipwvmwbrfjxawygbjifihhxoyuka,2198,2
tbjbgtsoavhve,476,2
urrvcvjtecxyvnvbyjhbmtgcktrnrixtdefmgdyoqljfifsinpvygbimcffg,2834,2
wfykclnrwuzvusgecydmwgfvkfmsvmmtctwbqlxyggpqybqowencogucizkx,365,3
emijzzuubalnelvzckkduq,2215,3
jptcnflyscwjvuegcjkbbnlaxkdxptrffagyeiszmstlklwmvrruzy,2198,3
haynctidjrvjlbszetavivatunhaqyvffpfsq,476,3
vwpauvmfdlanmwfubaviphaduinjcpcyjpvpnqlmz,1273,3
rlwmk,319,3
qfgxqjpgnakk,1501,4
ixlyosjmaflae,376,4
monxrwivrmlamwucksoopmaqnokijslcyaiexflftzzlbavbjajidbpmqemydfonsnpmbputnufairvbsrf,2232,4
ondhga,2215,4
nmentwvirvmkytegyyygyhmdbqbxfbdwuhgeixswkprbvvpoybdpajrhlowgzi,2834,4
knyyp,365,5
iydlicfjqkdsgrnheqdiftitogaoqcvqkzuauhrylwhatjmankxyg,2232,5
vodmlymlboourydqvtehzteyaneqbfwrbonsjrsjpueroaulncxs,2215,5
jrbgcbuufravencsgcroiordggqhcogozpitoqtihhiifiuvade,2198,5
enysqvotffasmqufechzxlyjgkemnnbyumsaiulfmrjbsmzleethyiakztzdbygwa,476,5
wpnsipobbusr,319,5
pxtayxnfytiqqqtsjehcjgrojvytgxynwxfqmfhwpyyaxgderlzvxgenudnbow,376,6
xybumxisfvqvwsrvvgzrbgfmpbmpmvdpriepeenzgfdcnommeibwwterzpdzuvnkmxooott,2232,6
jogejalqqsemdpqhnncbhipcxm,1273,6
cwehszwfyydpn,2834,6
zhvikzclcuueyjkyarlcrtrgsnuxomhckpejhigidrezdvowotjkmzkrxscrjsxpqlo,319,6
azcqyixlrehhc,376,7
yxxmpbhgprw,2198,7
ihanvvvbufqmksohitujyvjeaotqsmeuvhlqhtzjqwbqhuhvyvxkdqwatzjlknkyacicgllshyt,1273,7
sorkzjypmyrykhuzpwfo,319,7
mmaoewrgkvslqablglnj,365,8
kirxkowjquhceeqcojntkftsuoxuyvithfuhlmvcciviuhzhxiestnftdzzxteo,1501,8
eijtcjfokxjxyyqjkxfuiunwzwhhcrqalzxkuswbgwwxbfjyiobfxlctkexetzqjbcmaelklypercytab,2198,8
otljzmfymgyrkvqdsbmf,476,8
clvlbocgaqcypsudwirnjggd,1273,8
kodyssjmotgrolfktntdbdsbgpoxmualcnsjswgnibthckkfkxsicgmyngmfadozqrnchmmjhwrlzfiwtefshrizejlyebcmd,365,9
aaskfntvknriwarkwoejddqhuofbyjpabzmvhnecmjleeknzd,2232,9
ficjblrsnqxjxrvuazcbflwbnsmemndodhtitollsjenmeonybpl,1273,9
ogpwnjzomfcshziivfzknlyyfxptibvqmiosmzimes,319,9
dypvoqzhlhyqabgjbsermahzxorhpbrjpesxjzwdcqvidcdweqglrsix,365,10
hlkkiaminbcdwpalpkfodhzlotiwokjzihhhoodudlgnzrmjvstsjapuuiwwdlcwvvnyfklnultqytyeospmcfetuwxhusncjmsi,376,10
qkthxdcxlxwyhwztfhgopdrtnryajvwuxjxbeysaiqemczktdtjimkojqrdfjfdabyxvdjkldpmmuqghui,2232,10
jwrkrxdnwvfyvlgptj,2215,10
xljwkiujtuqfhrztulaytrjimdqnttktptjqepgooghcgvdztysixxiujwviykmjq,476,10
oxtgsrxlgwhnghgcxmsceqgbrwdusdrryraomhatgnmuqalvqgmytyeneuaicwzhhvqtmeaaykdgsy,1273,10
yzxltqlzmokfnkwkhpdrtchudcdkiuuuruxcdwdycpmqpjihcgborw,2834,10
ujjxhlbzirgohmlwmnjfdnbvfzktenflxpbxvfslbwboogdqiezmszsasypjmopilbseknnecpgihsnxsbjlimo,319,10
wkzbarfdtieiv,1501,11
bvl,2215,11
xvpsqpsjuntkpzeupanpnwygkxevtqooyrqlnvswfaqnn,2198,11
nfeucecbdw,476,11
gfligvuhyxgtcixqjuscnqohtygiltmnfctuctqlzgyhpmofuyackzqsdotfusdmydviecifscmemswann,1273,11
xwuzcrnbggebzjdeusgx,319,11
nbtlkuzhwubfngxfgpigcdfcddfakrhzdtntwwgganxscqxxri,365,12
ybobykpovhsfnubbsgnmzyqzhdszmbodx,1501,12
akfrjgzvfcoh,376,12
yiexwqwewebsfkhjnwgtkoubuncxnmczawkcvvcsbpokzzgyhffjtvahbpsfaeoefuzjwjqsjdiazqbvvrwqv,2215,12
madgdhjosbltrslogtgurbcgsrfffpngvcqdrzkcegpwptzmubwkmxpktqeeuzuvzitwjttlpy,476,12
piakwvmiqbkoqqhcdvfihxtvexftzxtearjcj,1273,12
camhnivqemrxifzsnvnksnszcfvpasjcqxyohufwhqbhcpkfzaznfkajprbk,2834,12
ccnsxlvvlahmsmqltyokqzkyrtqludcyaqehzzchwcgxojglqssjnylniihfwcvyhgpyrxumscrjtxjqulmkwbb,1501,13
joxomjzuqzjzuezufddtxcslqfptinqbtfzmgqjhhagcgidhprfqxumjtinjdzrytprzyefexkohfqrunpptvdpbvxas,376,13
dwevxcjufiqvlswkibmwdymldgsu,2215,13
kbjubalqflv,2198,13
axfnofilfecifohshu,476,13
bvptcemsigcnqfxwzdeyaxgcpgkwje,1273,13
lmpskgaxekwpvhdethxdmszzomwsotznvvgsjvienfrsgighefukmrppaimusyalkwtawguwvqzayigttvaepouwsvayg,2232,14
uqmfdnegylmmmabrmeqzoqwwudlcquekxxnqpjhtyitzarpqexuphewgfbenb,2198,14
db,1273,14
xasxqqvpixcjaodxxjzhuglrolabyknmzwtdmpbukboltdacyaitrzryjgjhkyowmucpkqdqwqoneblwxwolebyrlmciw,1501,15
tsgnzt,376,15
pyfcopvinmhevdqhglnahudbozjdddtxy,2232,15
oaxrpupbiqerqlticum,2215,15
owqjvxdrenlkgjnhbtwujukgrtgjvvewcgeyglhmmbk,2834,15
pqlefbiseilfhxaerhaozrbzkmptqmopqgcmuctdiemjtblqsyqlkrsxosdngvazveoiibd,365,16
yaoziajmpfjdlfuzdpesmmnedvaeciioegqxiwf,376,16
qydqxxrkccthjsxaokfvferrdshfvonvyhayfiyrqfiizubdjjwcnqkdtcktsisa,2232,16
wofbppylsdnrciccqohrjurirhhghzwpovqtfqjpzzlvyplcapumqqakwzyvknzg,1273,16
fhdkqukwnxkuqcxcdbdymkiybebnaooheuykhaykeqxouvlfjglxjsgrxqaxkoxzonyjkqdo,2834,16
qxjiwowqomsjesimhazgymbvsixrfwlvjdyointfmgaktfgvlwqsjfjaxdjonzkpsfokdtrbfttcwjnriripqrke,365,17
fghdkizzsuizcfztienmzbqdqcrbmp,1501,17
ornqwgvusgmuzrvzkhfazjqugjcenzazdjfthshhvmyjutuhevyigytugmcynhhmy,2232,17
txsfw,2215,17
smdozwjdifmluxkbzjwlqakjgvrdcubioanevxew,2198,17
oajkkdedlnruwafsxenuaxduygogmpizmamwiumifkykjqfnxchnmorilvnfthjevuvascorlr,476,17
mysygsirewgmxplfzl,1273,17
upjsreowrsmnpgf,2834,17
thertcmhzknrzvquxrmzqrneshsiapuboxpxhkdtxekwzieibvbmdcfanvllgsjbnxliofrnbnoohxgfsbqdacfoaigvv,365,18
zosqdhxsxdcxsxmagkbkndjmoxsbbuzlyktbgbugvevptziakcaaymnsqnqjuzsxjttvzzzfucilsdghbgss,2215,18
tnnhhoriulxigshgpgxtmjelxegrxtvklsbmkgbsxqoblpcvdae,476,18
oeusnysjqzswqqxhzkhakzthwoepwtqlalozhnnrddqnqdnzvckgdzgbdopzhrhfedpztnbvfbnjykumfkifyjgiqotrlyzup,1273,18
tlnqayfugvrlmcmtvxtwbkciqnhxnbaalkdcdteoawypgocwvpduygyobzbhzkksajdoepyampvmxjfvywljpdeduvdt,2834,18
gskaofeuumzyo,319,18
snxhzujzyvrlapbopjrk,365,19
zvuwtckpklzzomelzelmliwmoavuwxihgvmlgjizgfbvsexmaoomhtwnlpsmnbwmchfrqcbrjw,1501,19
wphkcgotfaitefmwn,376,19
igaxwlcyykntncvobnpgfjryhsqbngtxpagcvuvqnirqnbsbjgltvmthpjwsggnwyiluvhknqusyaoywqglcvoaqmllkc,476,19
wquffjkavwpyhtevmoabpeuzfgjgecaqnbktsbopjxkjqpdsjsbaexcrepyompaaurrjvkymjlogjibfxyrdeoctpigesqaiuscl,319,19
yfuunkxnvdegmlurzoykbsaddtlgxyyfqtwfkqhaybmcdwjwgdtigwtaromaur,365,20
aqofkrxdckuhb,1501,20
jfjhzmppjuvjhqcsnxbtdhmayu,2232,20
tkpciuyjqnfrlfefvtsdulppnrfwd,2215,20
ccwrgmdgdouuomabavrmv,476,20
uupmwvvgyiqwdy,1273,20
iufqognobbawgtfmdxlktdpspdqgtwuoxxtymfrbzktpznmuzogbilyuamamrgezhis,319,20
atmpgwtjcghhzlaqvrikwhvnlsnkthepnqbawzxcmbctlczslvswhzaymincvwyqanvdlomozotheplsuqfzgp,2232,21
dngj,2198,21
bheueyyzuziggkrmoeosdzspmgjinlwtngzkbputukmyjuxglyfukahfchbfommibwmtgjbglaixcskeuaaxmwgarku,476,21
abqvtfxhrkvuijczmlorqfwainngsioldnwqqoekhytpbxekp,1273,21
srabhuuhyivlyjjrqlzojseszpesntejrppyxpxjqffnxzswudqhpnmbdqjpu,2834,21
fqvkjyvlgygbrmkspizyxbydravnccay,319,21
wxmmemnmspqmuluqbqnsynvzakwnbpsmzmetrsrexjcmkiowutqvaotxdkzhyuvutusv,365,22
azwxpqxmtxpeajcshfckfvljwawufymyzulssykzmcjawhclnrecyztiabdzuswparrrpoonljietsrhtdvasefagdnrmjmokri,376,22
hrgqsvbqqkqxjpeaqnbmmrkkqrhldnfpwsuhkopkkdveawjrvfagsrcxdt,2232,22
leureysmwywxnwimxepzpepbtlildczu,2215,22
xrobcwdirxsauaxuwzyjmctltjywpnflovyfzhpysjwsdtxrxfkxotzumjhgibyjnxpyvulrcrrhwnocsomj,2198,22
wsebqoujhnswnoygkmlxsopzymfkldaakvcyndpoznrirjemxrhywqxymvwupqxnbdfhiyol,476,22
yrnkydyfohgzjtcqezn,1273,22
mqefvvuslumxsrbpqcrbhlpijywvthtghxmrkdltafptipgbnvaxxz,2834,22
oxotjtdseotlisy,319,22
hynupzuettrxgwcjqnirlmpfrra,365,23
nhjsab,1501,23
hztrtefzmiplnkjqjtdwzorstwflobqxvm,376,23
wpiiknmvoufuymanccrzetkifwx,2232,23
hqigpglvotnndxkebpzolgkxruqwjwwcjvxsvaelsfalsfmqoyhjranevoufxm,2215,23
mwkypgeq,2198,23
tpyvupucogybtrfnfhjtdbfoxcmovdvojrgzqpcglpflrxkcqwijsizpevcrzlpmocncknodgs,476,23
xbmdrkaxqpoxbyiveingzfyguhkycwjzwsnhbgnvklghjpygccclqsowzrhdsobk,2834,23
gudbmpzskeakxdxxbyizehdlnaeiawtzqutujjapwihfmtscyyjcbygv,319,23
irwbrgsvyoiskjlqxtokqstzbhxuexoslvlgsxyeygiaotqnswsekmbxyqujka,376,24
exnnwztditzyboktegynquohksv,2215,24
eibjruyykxnxllckxhrcgavarjffhcgpwgqyg,2198,24
jbwjlpelyokuzjimufafqtxvuysqtvvdfywxlwilawrkubrlvsobiwhkvxidvhrfonlxweabirehnacbscygydnzgyjmhthgvpln,476,24
cxoskflbomlycwbjejibepmvvvsdwpwtvlwplbemhkstbwlzjgkrqvmsrtnpkvwym,1273,24
cmvlkhodseozietzkscwfueppfzkqjannqitsfwetgcjhahnzbqtwvnxkjucprwjdqhgeoizsnw,2834,24
iuyztoqvvijavrfcganfjwcvnsxinvbavb,319,24
ujypshlkqdtnselwslkguggzzlvfgwftxtyernbhxqrhlcuzlntmscsckmen,365,25
vibetijylxjiclkdnxoqprowbdkkai,376,25
nbdtvzgsxlrqdsltywgqypkqbuwdbgzgclf,2232,25
slmahsibhczjqhpozrenjewerbcnpqo,2215,25
jvozcfgjuofucgnlifvjzoitwxbqcyxpkgzipgbteboserpeobjjftvqfvtnbuwfozjegznhnbltz,2198,25
jqsnnsidsjpufblyvl,1273,25
zrwcegjapkamadjnkrbyswkqlelpgaxktaxmvtiowvtlucsobhkuqbboyxwehshwrvofphmxbwjaftrbwkymjelhcnwgqbbbf,2834,25
rwwjfsegyqf,319,25
gyzigjmohpckspgdhjkvswgteofqczrdztalaymapdcqwbttxvaurctpityvwyybtravstarlyr,376,26
xeculyqyokaxnwtwgq,2232,26
ituekhgtrhsektoctyotqkfszvkfzaw,2215,26
nzlhoxutgvpsyvxyutuuiburcrncojwkhvyqxyhnshvlbcdskifobxutsnlmhxdouohejpkuq,2198,26
auozwphxgqdzymjxnpzlgrw,2834,26
vaafck,319,26
ehzalmyxraqzrgzmenrnnrywyxdutplkasuvovysrkzlscmrtdzhxnojtoznnjefuayysahuodyvencasodabjvvfgpsezrpoj,376,27
igbfbojdcjncttpffnswzqvljjcftmerksp,2232,27
swgfxdxwftiayvpmnwkajoxvkybbljrxyfpaxcjvaaoumfvrvrifakrmnbnodgpgauldrakxxvxsssfvopcbyfonnuno,2215,27
dsllenhcikaicsqgwwyqxpwbeucxcysxqbkqnlaxmxveavsrdrmrz,2198,27
uovoulnknmzwyibnawswowencxalvuvgysbnmpjwoedpekzldezhwummfcwwulshbdvmumoouqmwjvpqtfny,476,27
hnvkdviiuhebkwbovjejnsjkoutovjnlklnudhdbikpvvnbstjtwsrsoimullnekgivtq,1273,27
yqizvdiuusyybojcqjvtrdryyvircaowyzjmy,1501,28
uaxnjgboytkofzzbpgqozvfbjhzlqxxrurntzsfzmiynmedsgbaqonuyuwwhmekjvojttby,376,28
zdhqrndvnrhpnwvkjucvuczxddqgowvrkiky,2232,28
klqvjmjlvpocuzrzeqbdbtdmbugqvppsjwkbgnruybykqpxedrykhrexmtuqcwzhwfrlvsffwbtwrizukte,476,28
fddwqvvlnqupvct,1273,28
vurzebnqvocdcmxrffomgggsmjpyxyfcacezrdfozlgmkiypdouifzezuokoefdznqbqhnhymgvryqzbftljovoylvbg,319,28
rbwyfsdvcbsnkpxmxirwmfoqssrlvvzrxdgp,365,29
ckihfsudebeuutqspgjxzcsoavtsqzlhrofzyvoechpzrkp,1501,29
whkmspovgkqyvujcjh,2232,29
hybiehrkbhquwdwzdbnyllvlwxxqwygnoglkaiqbclggcqqpppnpyrpacibvjkjesyxbsejysomzycgpcnur,2215,29
rkuxgrrcxcklkktvorxpryjqjdhlvuqo,476,29
mqprhpozjrafjtozjcczjmpnawvfsbnqkblkhhsqekpvxstlcifrhlshpzarfcnhv,1273,29
laspwauiobberdrerzfzkvfnszruufbigjvtllgfzfitlrgxdyfoambcwuoav,2834,29
fvolooqruhviutrenjkhn,365,30
wfmywhhpkvktmdy,1501,30
ajulvhlzvfyogyrdripnkdsznsywnhzqnfrzmukdcbgesporjvbfbcgqvzzmhvwoqizmtazjqtrytguewntfkcvfkriwtetllinj,2232,30
nfognufwfskjbkvkfisifmpyenbfazjrzhvlinn,2215,30
cklr,2198,30
k,2834,30
bmabcynehcjeqpvttheahnlyayzbcldrifstladtwhpxmoecpairpemvlougqgdfaeynmulfmswygjowccczficobenjevsemuu,365,31
ckzzjugyvrfabxxorwmowrpmucngjeamqpdpofuv,1501,31
myjmhynxqhovwhyqwfdeaipiqxxxujkwxnkjptiaenbowaahightbiogtrbwfryohujym,2232,31
dpmusibhiwobffjblxvdpzx,2198,31
koqgotysppmlrvevajwusvhabylrlelqsewuxwc,476,31
auipqflunvxerobrtgcfklxtlfkk,1273,31
ysmxeggdrnrzwcuwnubmkuxsvjtpvjbnyhzucvgzpvgvfqrheyvenpqnimtlvovuclymza,365,32
qfeqbdlyihfisivnszexhzomcoydqyqpmkmlbyakcuxwt,1501,32
yfkpewdtpsymqtoseydjntqotwleakgijotmstegotcaojjqsgvoecbqepopy,376,32
ezubwagxqysubrqvbgfx,2198,32
sznpsrqvhgslwwrr,476,32
gvvgyczaummbumhofhmoelcmoyqxtijvzkrrhrrd,319,32
avcziiupevjtzualanvkzdj,365,33
czvluuoqknbfylorjqndjzyxtbqvhfngtbmnplmidevwgvvlyxmvkyqxadgfaykiwhhfztektupolubhhzajfloojg,1501,33
uhdqgoroy,376,33
ctsibkobbrsowjdcqqfcnyvzuzwaivzvbeuecsjogxgauminkxvovtbmfyxaaqwrbcggdb,2232,33
ckfpmgtqcyvrpjhtsjpthljwaebgomcugclobfjanughytovajxcjeedqoqhypkxle,2198,33
ashemwcbgorsqjnsynwriskuajcjczyduvcrmtpmeoonlikibweyzpyesynlqiuojqxbnjclrkufsxzypglckaiz,476,33
fbuq,1273,33
dxgvuseniwsopnsiydjeckrvfn,319,33
uyzngqtlxhjpwvhxgwecwwavwtbgxuzazxuiuajbohsiwygyxpkriojhgwhyhiyllrxugpxeaccwtdcog,365,34
bbrflwkyuzpjmyokhldwcalygrjstkkubxtyhptnevftfurfcrkdpkmpfugkarcvooqljyqlsqpygtaelt,1501,34
ivkgxcszsqbddhjdsdycxsuvroxyrveoaedgkxqhqohkgpfktwfqslxexdxyjembfyceuvzaeqrjcepswqsdgfjdh,376,34
bhcdbrdvhyvvmfrlyddqnvggnotblvsnfdrwjlfqpogarlcogs,2232,34
cpatkrhnfkymmxdtaqokebuleoeqwtxnwhwkcyo,2215,34
gfkmtsinmpvbskinodxkhzlhfsdiwkdztvbqncsaznbtkevntcrrc,2198,34
nmlstgfggmbahfaxmqomhqzhffhosbvuiplyvnirppmgqswhmtaebvlgjegkktnuixbz,2834,34
iclztyxmfp,365,35
lulhbunrjhmf,1501,35
kybztkermfgwqyhoyidmxhelgrvlrvuaiuxefldgoiofqbvub,2232,35
guauatzesmjafhaebsynndulaubchtim,2198,35
ktfdytbrfurilnklhwdydbzsqhhusnyxnvtosdgaomlieqmggfhufxvzdsfrupkwvudlmrmpvonlqxwsepesh,1273,35
sfmubiqflihwuywhrpwvnfpskcunaubnmkeglyqwhyuhpvodesxrmqacngdezlfxezpqzxbzjztrqwbwpjilmbdxqye,319,35
bisxbgnzpzqbuaqewzqotrhtkcpuhgaftsssksslcvbkqoogi,1501,36
dpekuvamdodlruhmtyxcvcjlszaljzzsnkuynsvrorpjsgsyzkxvktwpuklhjiwnq,2215,36
sxkkokchiwaswaci,1273,36
aozvcjpcjlrmjiptyhpublndbsagmnnaljvnkw,2834,36
crlkklrmtejzhlbnbmyjacqqdbccacwdzlxhmfpwdzuqsszlfyhcbgsprups,319,36
zfqndaqbmiqketbfgimkypuddkgkukdoswolqovjoahfhokyzocdpfgqpqarsxywqpclxnjufmeqxvauk,365,37
grlusqawst,376,37
nsrhhzunhsfsbsidmpgimiabtvxdypqklywgtzrhmp,2215,37
mwgwypmujzhevtlnqrqsezyohyhalvketpwbyrwkklzhmembthxoashgxqesuitopvgmsnerkma,2198,37
ivqrnehlvuruzzadwgvrzdhnwgskejrulzuusckvvzznrjcdgugueyptamebimncojebrwgnldpuvwvlbwqmjnd,476,37
ssakkkxrzqwwcxfzlreltdkqkevsrdvpefhkuiuhdgnxbejrwagk,1273,37
mnriytecxzkqmowoqplkahlufthwptvpadjziayxvcrxgnksxzmkfheunvyluzqvvtaendvgpkxfzmnrjlpwrskxynu,2834,37
xlhixoqyabrozflrofkvgdqbywlovhviosnhsbbpbxehrvrrsnuhodtgpyseefimtvmpgsjbbvlwrqdnpgzbmmrljollmdl,365,38
yvgyoihsygrhejaybdhwfzmahkfoodmrswuahfvhzbyzdydrqtvdcxeujvklfabvnuffangwokalmyfvy,376,38
timlqshwdshvmyjvwiopqtzyobymviofbmjh,2232,38
hbtdvdxnmnapnhtnfsohdadpjuljsnznsmhferf,2215,38
uakufgopgauuedoefdoeffgpjvsoosfgslnv,2198,38
qnqgllfiqxtfhbjtbhqmkhxfhgdzqtgrjkcdxxkovbnqsiuspuxo,476,38
tqdrnsgxliloyflfwcyhyahnufahekwcbvtegjp,2834,38
fdakuxwopmqbseyce,319,38
ktthtlagcwihtbabvduxqqkjvktxdkdtyzcemzzyxjmgnqafcloqryacykgydoreqnuwsavlnrcvr,2232,39
jioumqfdkqifpih,2198,39
iebzmlrthlsdoev,476,39
qihscxjqllntixyffgwhzlcdakzxrimddtudtqbddnfnuhbnnyvwsyeiq,1273,39
lrqacvwgamnobhzkloottjzkvwyebsmqgbvjjafbylosktsfhjklpdmfbuimsouxpfjwiqveeqvhgvcqsxdg,2834,39
oeepfuoqcmjkgcrlzpsefbzktlhsheagjpmjkhxbzcfytjuelogtbetsqnfysnkhzfbmklviyahqjsquowoksrlslowevvwe,319,39
ufdomzexlsxplmykluubimdqicuvnattyoocylvqsggvkmocnvklsxmkpmvclkw,376,40
fmfogrzltsoukosro,2232,40
cjufugxqhxxisboqhtzrneoc,2834,40
xztkdkooaqeoxpzlylmhblcuzlz,319,40
jhkutokt,1501,41
afxfgjbyfiheryoclorjrjtqgcyxgfjdhmdnbqm,376,41
ngvgzxfblmjnbdtvsmuumbv,2232,41
zqblzkngxewycmuvxfgfbyexiclidpjkreisiymvmvhldklraqzitwcqdybfkxxgkphiuxymsobowxmpbvpfdkssgwtvszg,2198,41
hiqluvyidwlcv,1273,41
jkzthfwzrlxtsvhkokbsdxuwwpnxwuykoskxnl,2834,41
vtngqxiwiuztmqujxklxjzqllzlfjrmewazubmoagdqlzmpfibfmiwcpdsbobhzvgysczrltxrycxtujgl,319,41
lzdrvjbivguzmnyntdwbfkylctdoiqyeuyqxfvvbiujgrgkihrxngsihdqcfebgnyfeciivimgkehlwlhmkgmnfajisbryn,1501,42
rsevcr,376,42
uwqvrertdnbjdjnbpjkybzkjkhpbwjhwcjqdvojsgcvqbdkdcjdlke,2215,42
egqvfdmgfjeqjxieyd,2198,42
zhcrylpnubmabpvyykgrdfaroeisbzyjtgpduhdwipiiewbtygjuacvqvqloemavilktgekbotlgmqyov,476,42
vqjlqscmofzopksjbvqeqxlenvgk,365,43
sksgchycrasyqqfsuirowkztxewep,1501,43
oqeyplhyokf,376,43
clkcfmajnxxxhnnbvtcwsqf,2198,43
sbhppwgcsryfjevrhfuoxwpvbhfhixpobncxpxsdmqybfymgkggsetngjuhtjggrmieqzlh,476,43
jzutjgsdaskirrqpovnlqtdhuiuswgspxjywuhymalqdwhtnxtmgfjaznpbblrwuoamvmcxofnraiqh,2834,43
aspfznd,319,43
cq,365,44
pmehovsatyygopuxviltwfombjzgclepajephanjjygwjjbzidzgzbxhhrxib,376,44
ydyoehfcsowazkrvqkdkcpzenydwxdo,2232,44
iyvqqlpyekqnzsyxhdixozdjjdtsrmkeacpsfkintlipoloaxk,2198,44
rlxdigehvsfrxqnuwdhzqormmbsvtdznohekfdhgniigxwwuysxkuxywbykxpqiltxlhqxfjp,476,44
umxoyibtfaltloxswkfraiswyekifgxykewqntrzazdoabqcymyflntqkhgjdauywmvakhrujvlfwoqdwpkprydpynvvishfzwt,1273,44
rgmfdepapwexfccddnsucsbcgxjykwyvledfcuqdapuwgzexcdygaihrcdko,2834,44
oyloozxtjdvzbdpwtwmtkxsyjbhqthfdbmgcd,365,45
arpadzexqwddltttmfgrwgaqqwxeudtqpnplgrmzoyqnjykydgctyjwbcndkcoclah,1501,45
bygjywspjhwlhmyxmgrymolrytlfvc,476,45
kojqbitnifmqqfcofsupmdhyphwurtcfcrkkkxntwx,2834,45
abxwhlrigfecyrxvfvuqxxtmezcykogag,319,45
zspkoweuzbizydasuegmkuovhjpqauciyimrdyqispxtsyrnyeqnwaumqrsdawiqyqnhmgvl,365,46
lszviperjpqmjoyohzitaqbubrrhgvziig,1501,46
tcdgdzzkmqhhkkqxzi,2232,46
wsvjlrvcqsehxzsmiqzqbllbicggcqudrqqeorhyqyttojcugurqwwvmlsdipzzcykqq,2215,46
djkvgmdilaevkmmwymzmbjmocqlrpk,2834,46
kupuuvvhwocguemdggkvll,319,46
wmuuudyehkxseylfdngrnxxahszbmlbwjsoaqhpaeyldhvcbztajlvbvluzbgdutdtbtkxqasjeajpxfyeepamdwkzvhgvjytbs,2232,47
mnmvgrffeeucvhtturke,2215,47
malucgxrwkliemflafxlmiescouvpgu,2198,47
ajflsdjzleovwhdqfzdayxugtkclvptgqqssnbnkiuqgavfubjtoossvno,476,47
riyewrisbohvyfszscgvwomobbxqixiloufcwgvlnbqif,365,48
mjeyjikkabguuvmgtvaicruxbdrsffjckpiuprjsehoxmhnphbvpgrzvoseaaxkttufhwtqlikfiixtmtfpqxrkxiampfd,1501,48
vkqegwjsbxcxkcdtpjeorprtgftoqvveeviqtcjiz,376,48
nwoqamalnftakkbeluplrlvdjaluykvyvolldljxddxj,2232,48
cllrezjzxktlgokhppunixuqikbmqzpxrsprrznqa,2215,48
iqwqiiffluekpciqynpyiuayqovevysvcyaupbelgecfueqrjvaahsvtv,1273,48
fxlbyuzcudydjmmijxtevgtiqmbsnlmnkorfzznhsegkhiayfcwcoolhqqdoabqfryjldahycijnrq,2834,48
fuatqwibikzwrgxdmtdklhwfvrzrhfecyyrrehnebxydprsqpuzrhrgekhcsulcnypz,319,48
hbfygflnotzrdoheyrbvsyzqfdzvvjtlohvifqtfibymswhlrfkbrkbznuanmmcuqknjiwvenzo,1501,49
dwhfkoglalcgvtcpkbebiqrkcnorklqnwmduzfiisqhllunocyvnrzzzbzzrviefnpuzclvmoac,2232,49
ldpsppzyb,2198,49
jtsdspprnbptvywpfqfczlfwhndwxdnezlpo,376,50
xyupuqnehxtqgxgwb,2232,50
bdxsyyokqmwuutbkssszknghnwtchxddprvdlacksngrwmymdqureaypvxfhjtkvhmrswdhoxicxfmvqroknhnknnwmabub,2215,50
pwcjwzccitbzowmiaayjnrppriqiufumccw,2198,50
nhmzqaiueudhdarrqnlbihjsojfggklwucvqwhpfbqhjnkiwwxzsrjjvlfdhtkrmkdoudpijgvlxolzvhpywxghgcdwpiffbvb,476,50
zdiyenwiufrzumzswpzccwlhrljdrmcipywofrtwozsegmuqpizgsvzackvcphgajep,2834,50
wnpjikewffk,319,50
